{
  "hash": "618bc8cf",
  "configHash": "347188fb",
  "lockfileHash": "e4c709e2",
  "browserHash": "62301fbb",
  "optimized": {
    "@angular/core": {
      "src": "../../../../../../node_modules/@angular/core/fesm2022/core.mjs",
      "file": "@angular_core.js",
      "fileHash": "9b9b9939",
      "needsInterop": false
    },
    "@angular/platform-browser": {
      "src": "../../../../../../node_modules/@angular/platform-browser/fesm2022/platform-browser.mjs",
      "file": "@angular_platform-browser.js",
      "fileHash": "b74d3cfd",
      "needsInterop": false
    },
    "@angular/router": {
      "src": "../../../../../../node_modules/@angular/router/fesm2022/router.mjs",
      "file": "@angular_router.js",
      "fileHash": "bdeac6a3",
      "needsInterop": false
    }
  },
  "chunks": {
    "chunk-TAHDP6RL": {
      "file": "chunk-TAHDP6RL.js"
    },
    "chunk-TAFR5O5T": {
      "file": "chunk-TAFR5O5T.js"
    }
  }
}