{
  "hash": "dd48a0c7",
  "configHash": "b5f50f54",
  "lockfileHash": "e4c709e2",
  "browserHash": "5ddef178",
  "optimized": {
    "@angular/core": {
      "src": "../../../../../../node_modules/@angular/core/fesm2022/core.mjs",
      "file": "@angular_core.js",
      "fileHash": "4ff5f79b",
      "needsInterop": false
    },
    "@angular/platform-browser": {
      "src": "../../../../../../node_modules/@angular/platform-browser/fesm2022/platform-browser.mjs",
      "file": "@angular_platform-browser.js",
      "fileHash": "9cccf717",
      "needsInterop": false
    },
    "@angular/router": {
      "src": "../../../../../../node_modules/@angular/router/fesm2022/router.mjs",
      "file": "@angular_router.js",
      "fileHash": "55c9a017",
      "needsInterop": false
    }
  },
  "chunks": {
    "chunk-TAHDP6RL": {
      "file": "chunk-TAHDP6RL.js"
    },
    "chunk-TAFR5O5T": {
      "file": "chunk-TAFR5O5T.js"
    }
  }
}