{
  "hash": "55fa740b",
  "configHash": "acc4756e",
  "lockfileHash": "bb427acb",
  "browserHash": "5ad10bb0",
  "optimized": {
    "@angular/core": {
      "src": "../../../../../../node_modules/@angular/core/fesm2022/core.mjs",
      "file": "@angular_core.js",
      "fileHash": "ca7c7616",
      "needsInterop": false
    },
    "@angular/platform-browser": {
      "src": "../../../../../../node_modules/@angular/platform-browser/fesm2022/platform-browser.mjs",
      "file": "@angular_platform-browser.js",
      "fileHash": "76b253d3",
      "needsInterop": false
    },
    "@angular/router": {
      "src": "../../../../../../node_modules/@angular/router/fesm2022/router.mjs",
      "file": "@angular_router.js",
      "fileHash": "bfc7a7ce",
      "needsInterop": false
    },
    "rxjs": {
      "src": "../../../../../../node_modules/rxjs/dist/esm5/index.js",
      "file": "rxjs.js",
      "fileHash": "d5f7a807",
      "needsInterop": false
    },
    "@angular/common": {
      "src": "../../../../../../node_modules/@angular/common/fesm2022/common.mjs",
      "file": "@angular_common.js",
      "fileHash": "698bfe91",
      "needsInterop": false
    }
  },
  "chunks": {
    "chunk-HHRLM27Z": {
      "file": "chunk-HHRLM27Z.js"
    },
    "chunk-C6ZCWS4E": {
      "file": "chunk-C6ZCWS4E.js"
    },
    "chunk-WVMZWLDY": {
      "file": "chunk-WVMZWLDY.js"
    },
    "chunk-S35MAB2V": {
      "file": "chunk-S35MAB2V.js"
    }
  }
}