{
  "hash": "93772af5",
  "configHash": "99df1b68",
  "lockfileHash": "6e0eef04",
  "browserHash": "a2604138",
  "optimized": {
    "@angular/core": {
      "src": "../../../../../../node_modules/@angular/core/fesm2022/core.mjs",
      "file": "@angular_core.js",
      "fileHash": "29124ac3",
      "needsInterop": false
    },
    "@angular/forms": {
      "src": "../../../../../../node_modules/@angular/forms/fesm2022/forms.mjs",
      "file": "@angular_forms.js",
      "fileHash": "f7019072",
      "needsInterop": false
    },
    "@angular/platform-browser": {
      "src": "../../../../../../node_modules/@angular/platform-browser/fesm2022/platform-browser.mjs",
      "file": "@angular_platform-browser.js",
      "fileHash": "331cd79a",
      "needsInterop": false
    },
    "@angular/router": {
      "src": "../../../../../../node_modules/@angular/router/fesm2022/router.mjs",
      "file": "@angular_router.js",
      "fileHash": "b6b6c37a",
      "needsInterop": false
    },
    "rxjs": {
      "src": "../../../../../../node_modules/rxjs/dist/esm5/index.js",
      "file": "rxjs.js",
      "fileHash": "003e7e7d",
      "needsInterop": false
    },
    "@angular/common/http": {
      "src": "../../../../../../node_modules/@angular/common/fesm2022/http.mjs",
      "file": "@angular_common_http.js",
      "fileHash": "b15d8c8b",
      "needsInterop": false
    },
    "@angular/common": {
      "src": "../../../../../../node_modules/@angular/common/fesm2022/common.mjs",
      "file": "@angular_common.js",
      "fileHash": "9cf05171",
      "needsInterop": false
    }
  },
  "chunks": {
    "chunk-NH4MUFO5": {
      "file": "chunk-NH4MUFO5.js"
    },
    "chunk-6GE5IB3U": {
      "file": "chunk-6GE5IB3U.js"
    },
    "chunk-MCYNVD6B": {
      "file": "chunk-MCYNVD6B.js"
    },
    "chunk-WLTQXWYS": {
      "file": "chunk-WLTQXWYS.js"
    },
    "chunk-UPXM2XNN": {
      "file": "chunk-UPXM2XNN.js"
    },
    "chunk-S35MAB2V": {
      "file": "chunk-S35MAB2V.js"
    }
  }
}