{
  "hash": "bd12c612",
  "configHash": "ce8b61d4",
  "lockfileHash": "5dacb51a",
  "browserHash": "1b79dfc0",
  "optimized": {
    "@angular/common/http": {
      "src": "../../../../../../node_modules/@angular/common/fesm2022/http.mjs",
      "file": "@angular_common_http.js",
      "fileHash": "ceb7f1c7",
      "needsInterop": false
    },
    "@angular/core": {
      "src": "../../../../../../node_modules/@angular/core/fesm2022/core.mjs",
      "file": "@angular_core.js",
      "fileHash": "bc884dc0",
      "needsInterop": false
    },
    "@angular/platform-browser": {
      "src": "../../../../../../node_modules/@angular/platform-browser/fesm2022/platform-browser.mjs",
      "file": "@angular_platform-browser.js",
      "fileHash": "9a2e97f4",
      "needsInterop": false
    },
    "@angular/router": {
      "src": "../../../../../../node_modules/@angular/router/fesm2022/router.mjs",
      "file": "@angular_router.js",
      "fileHash": "d04aa8e4",
      "needsInterop": false
    },
    "leaflet": {
      "src": "../../../../../../node_modules/leaflet/dist/leaflet-src.js",
      "file": "leaflet.js",
      "fileHash": "6b870d68",
      "needsInterop": true
    },
    "leaflet-routing-machine": {
      "src": "../../../../../../node_modules/leaflet-routing-machine/dist/leaflet-routing-machine.js",
      "file": "leaflet-routing-machine.js",
      "fileHash": "1f10c178",
      "needsInterop": true
    },
    "passive-events-support/src/utils": {
      "src": "../../../../../../node_modules/passive-events-support/src/utils.js",
      "file": "passive-events-support_src_utils.js",
      "fileHash": "0c8c08e2",
      "needsInterop": false
    }
  },
  "chunks": {
    "chunk-MTWQOSQV": {
      "file": "chunk-MTWQOSQV.js"
    },
    "chunk-LBQX7OAU": {
      "file": "chunk-LBQX7OAU.js"
    },
    "chunk-PV4ND5EE": {
      "file": "chunk-PV4ND5EE.js"
    },
    "chunk-EIB7IA3J": {
      "file": "chunk-EIB7IA3J.js"
    }
  }
}